from	to
2019-03-09_2019-03-13_599	2019-03-07_2019-03-13_600
2019-02-27_2019-03-04_54	2019-03-04_2019-03-08_191
2019-03-10_2019-03-14_596	2019-03-04_2019-03-08_191
2019-03-02_2019-03-06_267	2019-03-09_2019-03-14_1767
2019-03-11_2019-03-14_1308	2019-03-09_2019-03-14_1767
2019-03-10_2019-03-12_1307	2019-03-09_2019-03-14_1767
2019-03-03_2019-03-09_730	2019-03-09_2019-03-14_1767
2019-03-08_2019-03-13_1306	2019-03-09_2019-03-14_1767
2019-02-27_2019-03-02_268	2019-03-09_2019-03-14_1767
2019-03-09_2019-03-13_1309	2019-03-09_2019-03-14_1767
2019-03-10_2019-03-12_1663	2019-03-09_2019-03-14_1767
2019-03-07_2019-03-11_1305	2019-03-09_2019-03-14_1767
2019-02-28_2019-03-03_728	2019-03-09_2019-03-14_1767
2019-03-06_2019-03-12_1303	2019-03-09_2019-03-14_1767
2019-03-09_2019-03-14_1766	2019-03-09_2019-03-14_1767
2019-03-07_2019-03-13_274	2019-03-02_2019-03-05_73
2019-03-05_2019-03-11_732	2019-03-06_2019-03-11_733
2019-03-07_2019-03-14_739	2019-03-06_2019-03-09_740
2019-03-02_2019-03-06_277	2019-03-06_2019-03-09_740
2019-03-11_2019-03-14_744	2019-03-09_2019-03-12_742
2019-03-10_2019-03-14_743	2019-03-11_2019-03-14_744
2019-03-03_2019-03-08_278	2019-03-09_2019-03-12_742
2019-03-06_2019-03-12_741	2019-03-09_2019-03-12_742
2019-03-07_2019-03-12_1310	2019-03-04_2019-03-10_273
2019-03-11_2019-03-14_1664	2019-03-04_2019-03-10_273
2019-03-10_2019-03-14_683	2019-03-05_2019-03-08_246
2019-03-11_2019-03-14_1656	2019-03-11_2019-03-14_1283
2019-03-07_2019-03-12_690	2019-03-09_2019-03-14_1277
2019-03-10_2019-03-14_1273	2019-03-09_2019-03-14_1277
2019-03-09_2019-03-11_1274	2019-03-09_2019-03-14_1277
2019-03-10_2019-03-13_1275	2019-03-09_2019-03-14_1277
2019-03-10_2019-03-13_693	2019-03-09_2019-03-14_1277
2019-03-06_2019-03-08_694	2019-03-09_2019-03-14_1277
2019-02-27_2019-03-04_68	2019-03-09_2019-03-14_1277
2019-03-06_2019-03-08_695	2019-02-27_2019-03-04_68
2019-02-25_2019-02-28_67	2019-03-09_2019-03-14_1277
2019-03-07_2019-03-13_692	2019-03-09_2019-03-14_1277
2019-03-06_2019-03-10_691	2019-03-09_2019-03-14_1277
2019-03-09_2019-03-13_1276	2019-03-09_2019-03-14_1277
2019-03-05_2019-03-12_1280	2019-02-23_2019-02-26_69
2019-03-08_2019-03-13_1278	2019-02-23_2019-02-26_69
2019-03-10_2019-03-13_1765	2019-02-23_2019-02-26_69
2019-03-06_2019-03-10_1279	2019-02-23_2019-02-26_69
2019-02-27_2019-03-03_250	2019-02-23_2019-02-26_69
2019-03-10_2019-03-14_1285	2019-03-08_2019-03-14_705
2019-03-08_2019-03-13_704	2019-03-08_2019-03-14_705
2019-03-07_2019-03-10_708	2019-03-08_2019-03-14_705
2019-03-02_2019-03-07_255	2019-03-07_2019-03-10_708
2019-03-07_2019-03-12_707	2019-03-07_2019-03-10_708
2019-03-04_2019-03-08_706	2019-03-07_2019-03-10_708
2019-03-10_2019-03-14_1288	2019-03-09_2019-03-11_1657
2019-03-08_2019-03-13_1289	2019-03-09_2019-03-11_1657
2019-03-03_2019-03-08_716	2019-03-09_2019-03-11_1657
2019-02-28_2019-03-06_715	2019-03-09_2019-03-11_1657
2019-03-12_2019-03-14_1265	2019-03-08_2019-03-12_673
2019-03-08_2019-03-12_673	2019-02-21_2019-02-26_21
2019-03-09_2019-03-13_676	2019-02-21_2019-02-26_21
2019-03-06_2019-03-12_677	2019-02-21_2019-02-26_21
2019-03-02_2019-03-07_244	2019-02-21_2019-02-26_21
2019-03-05_2019-03-09_678	2019-02-21_2019-02-26_21
2019-02-27_2019-03-05_243	2019-02-21_2019-02-26_21
2019-03-03_2019-03-10_675	2019-02-21_2019-02-26_21
2019-03-07_2019-03-13_1266	2019-02-21_2019-02-26_21
2019-03-07_2019-03-10_1267	2019-02-21_2019-02-26_21
2019-03-02_2019-03-05_674	2019-02-21_2019-02-26_21
2019-03-05_2019-03-13_682	2019-03-01_2019-03-06_245
2019-02-27_2019-03-04_15	2019-02-26_2019-03-05_16
2019-03-07_2019-03-13_207	2019-02-26_2019-03-05_16
2019-03-02_2019-03-05_56	2019-02-26_2019-03-05_16
2019-02-25_2019-03-02_17	2019-02-26_2019-03-05_16
2019-03-12_2019-03-14_629	2019-03-01_2019-03-04_223
2019-03-06_2019-03-11_628	2019-03-01_2019-03-04_223
2019-03-07_2019-03-12_1242	2019-03-01_2019-03-04_223
2019-03-10_2019-03-13_622	2019-03-09_2019-03-11_623
2019-03-11_2019-03-14_1237	2019-03-12_2019-03-14_1236
2019-03-09_2019-03-14_609	2019-03-12_2019-03-14_1236
2019-02-28_2019-03-05_206	2019-03-12_2019-03-14_1236
2019-03-07_2019-03-11_237	2019-03-10_2019-03-14_659
2019-03-06_2019-03-08_658	2019-03-10_2019-03-14_659
2019-03-07_2019-03-10_660	2019-03-10_2019-03-14_659
2019-03-01_2019-03-08_239	2019-03-09_2019-03-14_1263
2019-03-10_2019-03-14_1262	2019-03-09_2019-03-14_1263
2019-03-10_2019-03-14_1261	2019-03-09_2019-03-14_1263
2019-03-07_2019-03-13_594	2019-03-07_2019-03-10_595
2019-03-08_2019-03-13_1233	2019-03-07_2019-03-10_595
2019-02-22_2019-03-02_50	2019-02-27_2019-03-06_180
2019-03-08_2019-03-14_1204	2019-02-27_2019-03-06_180
2019-03-04_2019-03-09_563	2019-02-27_2019-03-06_180
2019-03-10_2019-03-13_1632	2019-02-27_2019-03-06_180
2019-03-10_2019-03-12_1631	2019-02-27_2019-03-06_180
2019-03-11_2019-03-14_1630	2019-02-27_2019-03-06_180
2019-03-08_2019-03-13_1193	2019-03-05_2019-03-07_1195
2019-03-07_2019-03-09_1192	2019-03-05_2019-03-07_1195
2019-03-10_2019-03-13_1628	2019-03-05_2019-03-07_1195
2019-03-12_2019-03-14_1626	2019-03-05_2019-03-07_1194
2019-03-11_2019-03-13_1627	2019-03-05_2019-03-07_1194
2019-03-05_2019-03-07_1194	2019-03-05_2019-03-07_1195
2019-03-11_2019-03-13_1629	2019-03-05_2019-03-07_1195
2019-03-02_2019-03-05_552	2019-03-05_2019-03-07_1195
2019-03-07_2019-03-12_554	2019-03-07_2019-03-12_1196
2019-02-26_2019-03-06_178	2019-03-07_2019-03-14_1200
2019-03-04_2019-03-07_556	2019-03-07_2019-03-14_1200
2019-03-03_2019-03-07_555	2019-03-07_2019-03-14_1200
2019-03-04_2019-03-10_1197	2019-03-07_2019-03-14_1200
2019-03-09_2019-03-13_1201	2019-03-07_2019-03-14_1200
2019-03-07_2019-03-11_1199	2019-03-07_2019-03-14_1200
2019-03-08_2019-03-11_1214	2019-03-12_2019-03-14_1638
2019-03-04_2019-03-08_590	2019-02-23_2019-03-03_53
2019-03-09_2019-03-12_1225	2019-03-09_2019-03-12_1648
2019-03-10_2019-03-14_1647	2019-03-09_2019-03-12_1648
2019-03-09_2019-03-12_1648	2019-03-01_2019-03-04_589
2019-03-03_2019-03-05_588	2019-03-09_2019-03-12_1648
2019-03-10_2019-03-14_1228	2019-03-01_2019-03-04_589
2019-03-06_2019-03-11_1226	2019-03-01_2019-03-04_589
2019-03-05_2019-03-07_1227	2019-03-01_2019-03-04_589
2019-03-06_2019-03-12_1229	2019-03-01_2019-03-04_589
2019-03-11_2019-03-14_1764	2019-03-06_2019-03-12_1229
2019-03-05_2019-03-13_569	2019-03-07_2019-03-12_1205
2019-02-17_2019-02-23_12	2019-03-07_2019-03-12_1205
2019-03-10_2019-03-13_1619	2019-03-11_2019-03-14_1171
2019-03-07_2019-03-11_542	2019-03-11_2019-03-14_1171
2019-03-03_2019-03-11_173	2019-03-11_2019-03-14_1171
2019-03-05_2019-03-11_539	2019-03-11_2019-03-14_1171
2019-03-10_2019-03-14_1173	2019-03-11_2019-03-14_1171
2019-03-11_2019-03-14_1617	2019-03-11_2019-03-14_1171
2019-03-05_2019-03-09_538	2019-03-11_2019-03-14_1171
2019-03-10_2019-03-14_1177	2019-03-11_2019-03-14_1171
2019-03-04_2019-03-09_543	2019-03-11_2019-03-14_1171
2019-03-05_2019-03-09_541	2019-03-11_2019-03-14_1171
2019-03-05_2019-03-11_1175	2019-03-05_2019-03-09_541
2019-03-02_2019-03-08_540	2019-03-05_2019-03-09_541
2019-03-05_2019-03-09_1174	2019-03-05_2019-03-09_541
2019-03-09_2019-03-14_1618	2019-03-11_2019-03-14_1171
2019-03-08_2019-03-12_1179	2019-03-11_2019-03-14_1171
2019-03-05_2019-03-10_1176	2019-03-11_2019-03-14_1171
2019-03-09_2019-03-13_1170	2019-03-11_2019-03-14_1171
2019-03-09_2019-03-14_1613	2019-03-11_2019-03-14_1171
2019-03-09_2019-03-11_1615	2019-03-11_2019-03-14_1171
2019-03-08_2019-03-14_1614	2019-03-11_2019-03-14_1171
2019-03-07_2019-03-12_1168	2019-03-11_2019-03-14_1171
2019-03-01_2019-03-06_536	2019-03-07_2019-03-12_1168
2019-03-05_2019-03-13_1167	2019-03-11_2019-03-14_1171
2019-03-10_2019-03-13_1616	2019-03-11_2019-03-14_1171
2019-03-06_2019-03-11_1169	2019-03-11_2019-03-14_1171
2019-03-11_2019-03-13_1612	2019-03-11_2019-03-14_1171
2019-03-01_2019-03-09_535	2019-03-11_2019-03-14_1171
2019-03-06_2019-03-13_1165	2019-03-11_2019-03-14_1171
2019-03-05_2019-03-09_1166	2019-03-11_2019-03-14_1171
2019-03-09_2019-03-13_1762	2019-03-11_2019-03-14_1171
2019-03-10_2019-03-14_1181	2019-03-11_2019-03-14_1171
2019-03-09_2019-03-13_1182	2019-03-11_2019-03-14_1171
2019-03-06_2019-03-11_1180	2019-03-11_2019-03-14_1171
2019-03-09_2019-03-14_1621	2019-03-11_2019-03-14_1171
2019-03-09_2019-03-14_1620	2019-03-11_2019-03-14_1171
2019-03-10_2019-03-14_545	2019-03-05_2019-03-10_1184
2019-03-07_2019-03-13_1186	2019-03-05_2019-03-10_1184
2019-03-06_2019-03-11_547	2019-03-06_2019-03-11_546
2019-03-08_2019-03-12_1185	2019-03-05_2019-03-10_1184
2019-03-04_2019-03-13_544	2019-03-05_2019-03-10_1184
2019-03-07_2019-03-14_1183	2019-03-05_2019-03-10_1184
2019-03-08_2019-03-12_1622	2019-03-05_2019-03-10_1184
2019-03-07_2019-03-10_1243	2019-03-07_2019-03-13_1244
2019-03-03_2019-03-07_641	2019-03-07_2019-03-13_1244
2019-03-04_2019-03-08_27	2019-03-08_2019-03-12_87
2019-03-06_2019-03-10_289	2019-03-06_2019-03-10_291
2019-03-09_2019-03-14_290	2019-03-06_2019-03-10_291
2019-03-10_2019-03-14_295	2019-03-09_2019-03-13_292
2019-03-09_2019-03-14_764	2019-03-09_2019-03-13_292
2019-03-06_2019-03-14_293	2019-03-09_2019-03-13_292
2019-03-10_2019-03-14_1326	2019-03-09_2019-03-13_292
2019-03-03_2019-03-07_294	2019-03-09_2019-03-13_292
2019-03-10_2019-03-13_766	2019-03-09_2019-03-13_292
2019-03-10_2019-03-14_765	2019-03-09_2019-03-13_292
2019-02-27_2019-03-03_85	2019-03-09_2019-03-13_292
2019-03-02_2019-03-06_79	2019-02-17_2019-02-22_4
2019-03-10_2019-03-14_745	2019-02-17_2019-02-22_4
2019-03-08_2019-03-11_746	2019-02-17_2019-02-22_4
2019-03-08_2019-03-13_747	2019-02-17_2019-02-22_4
2019-03-01_2019-03-06_80	2019-02-17_2019-02-22_4
2019-03-04_2019-03-05_280	2019-02-17_2019-02-22_4
2019-03-01_2019-03-06_78	2019-02-17_2019-02-22_4
2019-03-08_2019-03-12_285	2019-02-17_2019-02-22_4
2019-03-11_2019-03-14_758	2019-03-08_2019-03-12_285
2019-02-28_2019-03-04_82	2019-03-08_2019-03-12_285
2019-02-17_2019-02-22_4	2019-03-09_2019-03-13_292
2019-03-04_2019-03-07_283	2019-02-17_2019-02-22_4
2019-03-11_2019-03-14_1319	2019-02-17_2019-02-22_4
2019-03-08_2019-03-10_751	2019-02-17_2019-02-22_4
2019-03-11_2019-03-14_1323	2019-02-17_2019-02-22_4
2019-03-04_2019-03-08_284	2019-02-17_2019-02-22_4
2019-02-18_2019-02-24_25	2019-03-09_2019-03-13_292
2019-02-16_2019-02-22_5	2019-03-09_2019-03-13_292
2019-03-05_2019-03-13_286	2019-02-16_2019-02-22_5
2019-03-04_2019-03-09_759	2019-02-16_2019-02-22_5
2019-03-05_2019-03-09_760	2019-02-16_2019-02-22_5
2019-03-09_2019-03-13_1324	2019-02-16_2019-02-22_5
2019-03-08_2019-03-11_1325	2019-02-16_2019-02-22_5
2019-03-05_2019-03-10_762	2019-02-16_2019-02-22_5
2019-03-10_2019-03-12_304	2019-02-23_2019-03-01_86
2019-03-09_2019-03-12_781	2019-02-23_2019-03-01_86
2019-03-09_2019-03-13_303	2019-02-23_2019-03-01_86
2019-03-09_2019-03-12_782	2019-02-23_2019-03-01_86
2019-03-07_2019-03-11_783	2019-02-23_2019-03-01_86
2019-03-09_2019-03-13_780	2019-02-23_2019-03-01_86
2019-03-11_2019-03-14_784	2019-02-23_2019-03-01_86
2019-03-06_2019-03-09_767	2019-02-23_2019-03-01_86
2019-03-09_2019-03-14_1333	2019-02-23_2019-03-01_86
2019-03-06_2019-03-09_1334	2019-02-23_2019-03-01_86
2019-02-23_2019-03-01_86	2019-03-09_2019-03-13_292
2019-03-06_2019-03-09_1344	2019-03-07_2019-03-09_1346
2019-03-07_2019-03-11_1339	2019-03-07_2019-03-09_1346
2019-03-13_2019-03-14_1678	2019-03-07_2019-03-09_1346
2019-02-28_2019-03-05_297	2019-03-07_2019-03-09_1346
2019-03-03_2019-03-05_773	2019-03-07_2019-03-09_1346
2019-03-08_2019-03-14_1672	2019-03-07_2019-03-09_1346
2019-03-06_2019-03-12_768	2019-03-07_2019-03-09_1346
2019-03-09_2019-03-11_1335	2019-03-07_2019-03-09_1346
2019-03-10_2019-03-13_1336	2019-03-07_2019-03-09_1346
2019-03-06_2019-03-09_770	2019-03-07_2019-03-09_1346
2019-03-04_2019-03-11_769	2019-03-07_2019-03-09_1346
2019-03-11_2019-03-14_1337	2019-03-07_2019-03-09_1346
2019-03-11_2019-03-14_1338	2019-03-07_2019-03-09_1346
2019-02-28_2019-03-04_296	2019-03-07_2019-03-09_1346
2019-03-07_2019-03-09_1346	2019-02-23_2019-03-01_86
2019-03-07_2019-03-14_1343	2019-03-07_2019-03-09_1346
2019-03-07_2019-03-11_1341	2019-03-07_2019-03-09_1346
2019-03-08_2019-03-11_1342	2019-03-07_2019-03-09_1346
2019-02-28_2019-03-05_772	2019-03-07_2019-03-09_1346
2019-03-01_2019-03-07_771	2019-03-07_2019-03-09_1346
2019-03-05_2019-03-10_1340	2019-03-07_2019-03-09_1346
2019-03-08_2019-03-10_1673	2019-03-07_2019-03-09_1346
2019-03-10_2019-03-13_1674	2019-03-09_2019-03-11_1675
2019-03-09_2019-03-11_1675	2019-03-07_2019-03-09_1346
2019-03-09_2019-03-14_1676	2019-03-09_2019-03-11_1675
2019-03-10_2019-03-14_1771	2019-03-09_2019-03-11_1675
2019-03-07_2019-03-11_1677	2019-03-09_2019-03-11_1675
2019-03-06_2019-03-12_1327	2019-02-23_2019-03-01_86
2019-03-10_2019-03-13_1666	2019-03-06_2019-03-12_1327
2019-03-10_2019-03-14_1665	2019-03-06_2019-03-12_1327
2019-03-04_2019-03-06_1329	2019-02-23_2019-03-01_86
2019-03-04_2019-03-07_1328	2019-02-23_2019-03-01_86
2019-03-03_2019-03-08_1667	2019-02-23_2019-03-01_86
2019-03-09_2019-03-13_1779	2019-02-23_2019-03-01_86
2019-03-07_2019-03-12_1768	2019-02-23_2019-03-01_86
2019-03-10_2019-03-14_1770	2019-02-23_2019-03-01_86
2019-02-15_2019-02-20_7	2019-02-23_2019-03-01_86
2019-03-09_2019-03-12_779	2019-02-23_2019-03-01_86
2019-03-03_2019-03-07_301	2019-02-23_2019-03-01_86
2019-03-03_2019-03-08_300	2019-02-23_2019-03-01_86
2019-03-02_2019-03-07_299	2019-02-23_2019-03-01_86
2019-02-28_2019-03-05_298	2019-02-23_2019-03-01_86
2019-03-08_2019-03-13_1347	2019-03-12_2019-03-14_1679
2019-03-12_2019-03-14_1679	2019-02-23_2019-03-01_86
2019-03-07_2019-03-10_778	2019-02-23_2019-03-01_86
2019-03-08_2019-03-14_1349	2019-02-23_2019-03-01_86
2019-03-09_2019-03-14_1681	2019-02-23_2019-03-01_86
2019-03-08_2019-03-14_1351	2019-02-23_2019-03-01_86
2019-03-09_2019-03-12_1350	2019-02-23_2019-03-01_86
2019-03-05_2019-03-08_777	2019-02-23_2019-03-01_86
2019-03-08_2019-03-13_112	2019-03-08_2019-03-14_113
2019-03-05_2019-03-08_90	2019-03-12_2019-03-14_307
2019-03-08_2019-03-14_306	2019-03-12_2019-03-14_307
2019-03-03_2019-03-09_111	2019-02-25_2019-03-04_33
2019-03-04_2019-03-10_375	2019-02-25_2019-03-04_33
2019-03-08_2019-03-12_1460	2019-03-05_2019-03-11_372
2019-03-05_2019-03-10_373	2019-03-05_2019-03-11_372
2019-03-06_2019-03-12_335	2019-03-11_2019-03-13_841
2019-03-09_2019-03-12_834	2019-03-04_2019-03-08_329
2019-03-09_2019-03-13_838	2019-03-05_2019-03-09_330
2019-03-12_2019-03-14_839	2019-03-05_2019-03-09_330
2019-03-10_2019-03-13_836	2019-03-05_2019-03-09_330
2019-03-07_2019-03-10_837	2019-03-05_2019-03-09_330
2019-03-04_2019-03-08_331	2019-03-05_2019-03-09_330
2019-03-08_2019-03-13_856	2019-03-07_2019-03-11_857
2019-03-09_2019-03-12_1397	2019-03-07_2019-03-11_857
2019-03-08_2019-03-12_887	2019-03-10_2019-03-13_886
2019-03-09_2019-03-11_888	2019-03-10_2019-03-13_886
2019-03-11_2019-03-14_1441	2019-03-10_2019-03-13_886
2019-03-10_2019-03-14_1442	2019-03-10_2019-03-13_886
2019-02-27_2019-03-05_356	2019-03-05_2019-03-08_885
2019-03-10_2019-03-14_1720	2019-03-08_2019-03-12_1438
2019-03-08_2019-03-13_1427	2019-03-09_2019-03-13_1429
2019-03-08_2019-03-11_1426	2019-03-09_2019-03-13_1429
2019-03-08_2019-03-12_1428	2019-03-09_2019-03-13_1429
2019-03-05_2019-03-09_1430	2019-03-09_2019-03-13_1429
2019-03-08_2019-03-11_1716	2019-03-09_2019-03-13_1429
2019-03-04_2019-03-10_893	2019-03-09_2019-03-12_1725
2019-03-07_2019-03-11_1449	2019-03-09_2019-03-12_1725
2019-03-04_2019-03-08_894	2019-03-09_2019-03-12_1725
2019-03-08_2019-03-12_1450	2019-03-09_2019-03-12_1725
2019-03-09_2019-03-13_1728	2019-03-09_2019-03-12_1725
2019-03-09_2019-03-14_1727	2019-03-09_2019-03-12_1725
2019-03-05_2019-03-10_1448	2019-03-09_2019-03-12_1725
2019-03-08_2019-03-13_1726	2019-03-09_2019-03-12_1725
2019-03-03_2019-03-08_891	2019-03-09_2019-03-12_1725
2019-03-10_2019-03-13_1445	2019-03-09_2019-03-12_1725
2019-03-07_2019-03-12_1443	2019-03-09_2019-03-12_1725
2019-03-04_2019-03-10_1444	2019-03-09_2019-03-12_1725
2019-03-10_2019-03-14_1723	2019-03-09_2019-03-12_1725
2019-03-08_2019-03-13_1724	2019-03-09_2019-03-12_1725
2019-03-04_2019-03-08_892	2019-03-09_2019-03-12_1725
2019-03-08_2019-03-12_1407	2019-03-09_2019-03-13_1703
2019-03-05_2019-03-12_1405	2019-03-09_2019-03-13_1703
2019-03-09_2019-03-14_1702	2019-03-09_2019-03-13_1703
2019-03-06_2019-03-09_1408	2019-03-09_2019-03-13_1703
2019-02-23_2019-03-04_30	2019-03-07_2019-03-09_1385
2019-03-10_2019-03-14_845	2019-03-07_2019-03-09_1385
2019-03-09_2019-03-13_1383	2019-03-07_2019-03-09_1385
2019-03-02_2019-03-06_341	2019-03-07_2019-03-09_1385
2019-03-11_2019-03-14_1384	2019-03-02_2019-03-06_341
2019-03-05_2019-03-10_850	2019-03-07_2019-03-09_1385
2019-03-05_2019-03-08_851	2019-03-07_2019-03-09_1385
2019-03-10_2019-03-14_1386	2019-03-07_2019-03-09_1385
2019-03-08_2019-03-12_852	2019-03-07_2019-03-09_1385
2019-02-25_2019-02-28_99	2019-03-07_2019-03-09_1385
2019-03-09_2019-03-13_849	2019-03-07_2019-03-09_1385
2019-03-07_2019-03-09_848	2019-03-09_2019-03-13_849
2019-03-08_2019-03-14_846	2019-03-07_2019-03-09_1385
2019-03-01_2019-03-06_100	2019-03-07_2019-03-12_1391
2019-03-04_2019-03-11_343	2019-03-07_2019-03-12_1391
2019-02-20_2019-02-27_31	2019-03-07_2019-03-12_1391
2019-03-04_2019-03-13_854	2019-03-07_2019-03-12_1391
2019-03-06_2019-03-11_853	2019-03-07_2019-03-12_1391
2019-03-08_2019-03-14_1387	2019-03-07_2019-03-12_1391
2019-03-09_2019-03-13_1388	2019-03-07_2019-03-12_1391
2019-03-08_2019-03-10_1396	2019-03-07_2019-03-12_1391
2019-03-08_2019-03-11_1392	2019-03-07_2019-03-12_1391
2019-03-08_2019-03-13_1389	2019-03-07_2019-03-12_1391
2019-03-07_2019-03-14_1390	2019-03-07_2019-03-12_1391
2019-03-07_2019-03-12_1391	2019-03-07_2019-03-09_1385
2019-03-10_2019-03-13_1394	2019-03-07_2019-03-12_1391
2019-03-03_2019-03-08_855	2019-03-07_2019-03-12_1391
2019-03-06_2019-03-12_1395	2019-03-07_2019-03-12_1391
2019-03-09_2019-03-14_1393	2019-03-07_2019-03-12_1391
2019-03-06_2019-03-09_811	2019-03-08_2019-03-13_1380
2019-03-11_2019-03-14_1692	2019-03-08_2019-03-13_1380
2019-03-03_2019-03-10_812	2019-03-08_2019-03-13_1380
2019-03-04_2019-03-06_813	2019-03-08_2019-03-13_1380
2019-03-07_2019-03-12_1381	2019-03-08_2019-03-13_1380
2019-03-10_2019-03-12_1698	2019-03-08_2019-03-13_1380
2019-03-10_2019-03-14_1697	2019-03-08_2019-03-13_1380
2019-03-09_2019-03-14_1696	2019-03-08_2019-03-13_1380
2019-03-09_2019-03-13_1694	2019-03-08_2019-03-13_1380
2019-03-09_2019-03-13_1693	2019-03-08_2019-03-13_1380
2019-03-08_2019-03-14_796	2019-03-10_2019-03-13_797
2019-03-07_2019-03-11_1359	2019-03-10_2019-03-13_797
2019-03-11_2019-03-13_1358	2019-03-10_2019-03-13_797
2019-03-10_2019-03-13_797	2019-03-08_2019-03-13_1380
2019-03-09_2019-03-13_1368	2019-03-10_2019-03-13_797
2019-03-07_2019-03-11_802	2019-03-10_2019-03-13_797
2019-03-02_2019-03-05_316	2019-03-10_2019-03-13_797
2019-03-07_2019-03-11_1367	2019-03-10_2019-03-13_797
2019-03-08_2019-03-13_1365	2019-03-10_2019-03-13_797
2019-03-06_2019-03-12_798	2019-03-10_2019-03-13_797
2019-03-06_2019-03-10_794	2019-03-10_2019-03-13_797
2019-03-04_2019-03-11_795	2019-03-10_2019-03-13_797
2019-03-09_2019-03-13_1357	2019-03-10_2019-03-13_797
2019-03-09_2019-03-13_1683	2019-03-10_2019-03-13_797
2019-03-12_2019-03-13_1684	2019-03-10_2019-03-13_797
2019-03-09_2019-03-13_1373	2019-03-10_2019-03-13_797
2019-03-07_2019-03-14_805	2019-03-10_2019-03-13_797
2019-03-06_2019-03-12_804	2019-03-10_2019-03-13_797
2019-03-07_2019-03-11_803	2019-03-10_2019-03-13_797
2019-03-10_2019-03-14_1370	2019-03-10_2019-03-13_797
2019-03-08_2019-03-12_1369	2019-03-10_2019-03-13_797
2019-03-07_2019-03-12_1371	2019-03-10_2019-03-13_797
2019-03-05_2019-03-12_806	2019-03-10_2019-03-13_797
2019-03-01_2019-03-06_318	2019-03-10_2019-03-13_797
2019-03-08_2019-03-12_1374	2019-03-10_2019-03-13_797
2019-02-26_2019-03-03_317	2019-03-10_2019-03-13_797
2019-02-24_2019-03-03_93	2019-03-08_2019-03-13_1380
2019-03-10_2019-03-13_1689	2019-03-08_2019-03-13_1380
2019-03-05_2019-03-11_503	2019-03-09_2019-03-12_1092
2019-03-09_2019-03-14_1095	2019-03-09_2019-03-13_1094
2019-03-09_2019-03-13_1090	2019-03-09_2019-03-13_1091
2019-03-10_2019-03-14_1550	2019-03-10_2019-03-14_1076
2019-02-26_2019-03-04_36	2019-03-03_2019-03-08_119
2019-03-12_2019-03-14_909	2019-03-03_2019-03-08_119
2019-03-08_2019-03-12_384	2019-03-03_2019-03-08_119
2019-03-01_2019-03-08_120	2019-03-03_2019-03-08_119
2019-03-07_2019-03-13_387	2019-03-03_2019-03-08_119
2019-03-06_2019-03-11_912	2019-03-03_2019-03-08_119
2019-03-08_2019-03-13_1462	2019-03-03_2019-03-08_119
2019-03-10_2019-03-13_911	2019-03-03_2019-03-08_119
2019-03-10_2019-03-14_910	2019-03-03_2019-03-08_119
2019-03-04_2019-03-12_385	2019-03-03_2019-03-08_119
2019-02-23_2019-02-28_37	2019-03-03_2019-03-08_119
2019-03-01_2019-03-09_118	2019-03-03_2019-03-08_119
2019-03-05_2019-03-11_383	2019-03-03_2019-03-08_119
2019-03-06_2019-03-11_908	2019-03-03_2019-03-08_119
2019-03-09_2019-03-12_1461	2019-03-06_2019-03-08_904
2019-03-05_2019-03-09_122	2019-03-07_2019-03-11_405
2019-02-26_2019-03-03_38	2019-03-07_2019-03-11_405
2019-03-08_2019-03-14_391	2019-03-10_2019-03-14_913
2019-03-09_2019-03-13_932	2019-03-09_2019-03-14_1469
2019-03-06_2019-03-11_931	2019-03-09_2019-03-14_1469
2019-03-06_2019-03-09_934	2019-03-09_2019-03-14_1469
2019-03-05_2019-03-09_933	2019-03-09_2019-03-14_1469
2019-02-28_2019-03-05_413	2019-03-09_2019-03-14_1469
2019-03-10_2019-03-12_1470	2019-03-09_2019-03-14_1469
2019-03-09_2019-03-14_1471	2019-03-09_2019-03-14_1469
2019-03-09_2019-03-13_1472	2019-03-09_2019-03-14_1469
2019-03-11_2019-03-14_960	2019-03-02_2019-03-09_418
2019-03-08_2019-03-10_959	2019-03-02_2019-03-09_418
2019-03-10_2019-03-11_1478	2019-03-02_2019-03-09_418
2019-03-06_2019-03-10_472	2019-03-07_2019-03-09_474
2019-03-10_2019-03-14_1484	2019-03-03_2019-03-07_977
2019-03-01_2019-03-04_430	2019-03-03_2019-03-07_977
2019-03-06_2019-03-13_1485	2019-03-03_2019-03-07_977
2019-03-07_2019-03-12_1486	2019-03-03_2019-03-07_977
2019-03-07_2019-03-14_454	2019-03-07_2019-03-11_453
2019-02-25_2019-03-01_40	2019-03-07_2019-03-11_453
2019-03-07_2019-03-13_1020	2019-03-07_2019-03-11_453
2019-03-08_2019-03-14_1019	2019-03-07_2019-03-11_453
2019-03-07_2019-03-11_1018	2019-03-07_2019-03-11_453
2019-03-07_2019-03-12_1021	2019-03-07_2019-03-11_453
2019-03-03_2019-03-05_455	2019-03-07_2019-03-11_453
2019-03-06_2019-03-08_458	2019-03-08_2019-03-11_1028
2019-03-05_2019-03-11_457	2019-03-08_2019-03-11_1028
2019-03-10_2019-03-14_1522	2019-03-08_2019-03-11_1028
2019-03-10_2019-03-14_1521	2019-03-08_2019-03-11_1028
2019-03-05_2019-03-12_1029	2019-03-08_2019-03-11_1028
2019-02-28_2019-03-07_135	2019-03-10_2019-03-14_1498
2019-03-07_2019-03-11_996	2019-03-10_2019-03-14_1498
2019-03-07_2019-03-12_440	2019-03-10_2019-03-14_1498
2019-03-03_2019-03-09_442	2019-03-10_2019-03-14_1498
2019-03-08_2019-03-12_1497	2019-03-10_2019-03-14_1498
2019-03-05_2019-03-12_995	2019-03-10_2019-03-14_1498
2019-03-06_2019-03-10_993	2019-03-10_2019-03-14_1498
2019-03-08_2019-03-12_1496	2019-03-10_2019-03-14_1498
2019-03-04_2019-03-10_994	2019-03-10_2019-03-14_1498
2019-03-07_2019-03-11_997	2019-03-10_2019-03-14_1498
2019-03-12_2019-03-14_991	2019-03-10_2019-03-14_1498
2019-03-11_2019-03-14_990	2019-03-10_2019-03-14_1498
2019-03-07_2019-03-12_992	2019-03-10_2019-03-14_1498
2019-03-08_2019-03-13_1495	2019-03-10_2019-03-14_1498
2019-03-08_2019-03-12_445	2019-03-03_2019-03-06_444
2019-02-28_2019-03-07_136	2019-03-03_2019-03-06_444
2019-03-07_2019-03-12_999	2019-03-03_2019-03-06_444
2019-03-07_2019-03-14_998	2019-03-03_2019-03-06_444
2019-03-02_2019-03-06_443	2019-03-03_2019-03-06_444
2019-03-05_2019-03-14_1001	2019-03-12_2019-03-14_1738
2019-03-03_2019-03-08_1002	2019-03-12_2019-03-14_1738
2019-03-06_2019-03-10_1510	2019-03-12_2019-03-14_1738
2019-03-11_2019-03-14_1030	2019-03-02_2019-03-09_464
2019-03-10_2019-03-13_1032	2019-03-02_2019-03-09_464
2019-03-07_2019-03-09_459	2019-03-02_2019-03-09_464
2019-03-08_2019-03-14_1031	2019-03-02_2019-03-09_464
2019-03-10_2019-03-14_1525	2019-03-02_2019-03-09_464
2019-03-06_2019-03-11_1035	2019-03-02_2019-03-09_464
2019-03-06_2019-03-11_1036	2019-03-02_2019-03-09_464
2019-02-26_2019-03-04_140	2019-03-02_2019-03-09_464
2019-02-25_2019-03-02_139	2019-03-02_2019-03-09_464
2019-03-08_2019-03-10_1037	2019-03-02_2019-03-09_464
2019-03-02_2019-03-09_464	2019-03-06_2019-03-10_467
2019-03-07_2019-03-14_1038	2019-03-02_2019-03-09_464
2019-03-10_2019-03-14_1526	2019-03-02_2019-03-09_464
2019-03-04_2019-03-07_466	2019-03-03_2019-03-07_1040
2019-03-02_2019-03-09_465	2019-03-03_2019-03-07_1040
2019-03-06_2019-03-13_1039	2019-03-03_2019-03-07_1040
2019-03-03_2019-03-07_1040	2019-03-02_2019-03-09_464
2019-03-09_2019-03-13_1527	2019-03-03_2019-03-07_1040
2019-03-04_2019-03-14_460	2019-03-10_2019-03-14_1524
2019-03-07_2019-03-11_1033	2019-03-10_2019-03-14_1524
2019-03-04_2019-03-07_462	2019-03-02_2019-03-09_464
2019-03-06_2019-03-10_141	2019-03-06_2019-03-10_467
2019-03-03_2019-03-06_468	2019-03-06_2019-03-10_467
2019-03-09_2019-03-14_1529	2019-03-06_2019-03-10_467
2019-03-08_2019-03-11_1528	2019-03-06_2019-03-10_467
2019-03-09_2019-03-14_1041	2019-03-06_2019-03-10_467
2019-03-09_2019-03-13_1530	2019-03-06_2019-03-10_467
2019-03-09_2019-03-14_1532	2019-03-06_2019-03-10_467
2019-03-08_2019-03-11_1533	2019-03-06_2019-03-10_467
2019-03-06_2019-03-10_1534	2019-03-06_2019-03-10_467
2019-03-09_2019-03-14_1531	2019-03-06_2019-03-10_467
2019-03-03_2019-03-08_450	2019-02-21_2019-02-26_39
2019-03-10_2019-03-13_1014	2019-02-21_2019-02-26_39
2019-03-08_2019-03-12_1518	2019-02-21_2019-02-26_39
2019-03-10_2019-03-14_1017	2019-03-04_2019-03-11_452
2019-03-04_2019-03-06_164	2019-03-09_2019-03-12_1127
2019-03-09_2019-03-13_522	2019-03-09_2019-03-12_1127
2019-03-09_2019-03-14_1585	2019-03-09_2019-03-12_1127
2019-03-09_2019-03-13_1126	2019-03-09_2019-03-12_1127
2019-03-07_2019-03-12_1125	2019-03-09_2019-03-13_1126
2019-02-27_2019-03-03_162	2019-03-09_2019-03-13_1126
2019-03-10_2019-03-14_1747	2019-02-28_2019-03-05_1109
2019-03-05_2019-03-09_1561	2019-02-28_2019-03-05_1109
2019-03-07_2019-03-13_1746	2019-02-28_2019-03-05_1109
2019-03-10_2019-03-14_1117	2019-03-12_2019-03-14_1778
2019-03-06_2019-03-12_1116	2019-03-12_2019-03-14_1778
2019-03-09_2019-03-12_1579	2019-03-12_2019-03-14_1778
2019-03-02_2019-03-07_518	2019-03-12_2019-03-14_1778
2019-03-11_2019-03-14_1577	2019-03-12_2019-03-14_1778
2019-03-09_2019-03-14_1576	2019-03-12_2019-03-14_1778
2019-03-10_2019-03-13_1578	2019-03-12_2019-03-14_1778
2019-03-01_2019-03-11_516	2019-03-12_2019-03-14_1778
2019-03-06_2019-03-09_1118	2019-03-12_2019-03-14_1778
2019-02-27_2019-03-06_517	2019-03-12_2019-03-14_1778
2019-03-11_2019-03-14_1581	2019-03-12_2019-03-14_1778
2019-03-08_2019-03-11_1582	2019-03-12_2019-03-14_1778
2019-03-05_2019-03-08_1119	2019-03-12_2019-03-14_1778
2019-03-09_2019-03-14_1752	2019-03-12_2019-03-14_1778
2019-03-07_2019-03-11_1583	2019-03-12_2019-03-14_1778
2019-03-07_2019-03-14_1162	2019-03-07_2019-03-10_1161
2019-03-04_2019-03-09_1163	2019-03-07_2019-03-10_1161
2019-03-10_2019-03-13_1147	2019-03-06_2019-03-10_1597
2019-03-08_2019-03-11_1596	2019-03-06_2019-03-10_1597
2019-03-06_2019-03-10_1595	2019-03-06_2019-03-10_1597
2019-03-08_2019-03-14_1593	2019-03-06_2019-03-10_1597
2019-03-08_2019-03-12_1146	2019-03-06_2019-03-10_1597
2019-03-06_2019-03-10_1145	2019-03-06_2019-03-10_1597
2019-03-08_2019-03-12_1594	2019-03-06_2019-03-10_1597
2019-03-12_2019-03-14_1757	2019-03-07_2019-03-13_1600
